,觀測時間,測站氣壓,海平面氣壓,氣溫,露點溫度,相對溼度,風速,風向,最大陣風,最大陣風風向,降水量,降水時數,日照時數,全天空日射量,能見度,紫外線指數,總雲量,日期
0,01,995.4,...,27.5,...,X,0.0,0,...,...,0.0,...,...,...,...,...,...,06-1
1,02,995.3,...,26.6,...,X,0.0,0,...,...,0.0,...,...,...,...,...,...,06-1
2,03,995.1,...,26.6,...,X,0.0,0,...,...,0.0,...,...,...,...,...,...,06-1
3,04,995.5,...,26.6,...,X,0.0,0,...,...,0.0,...,...,...,...,...,...,06-1
4,05,995.5,...,26.5,...,X,0.0,0,...,...,0.0,...,...,...,...,...,...,06-1
5,06,995.6,...,26.5,...,X,0.0,0,...,...,0.0,...,...,...,...,...,...,06-1
6,07,996.0,...,27.9,...,X,0.0,0,...,...,0.0,...,...,...,...,...,...,06-1
7,08,995.6,...,29.0,...,X,0.0,0,...,...,0.0,...,...,...,...,...,...,06-1
8,09,995.5,...,30.7,...,X,0.0,0,...,...,0.0,...,...,...,...,...,...,06-1
9,10,995.3,...,32.3,...,X,0.2,0,...,...,0.0,...,...,...,...,...,...,06-1
10,11,994.8,...,33.2,...,X,0.3,173,...,...,0.0,...,...,...,...,...,...,06-1
11,12,994.2,...,32.3,...,X,0.2,0,...,...,0.0,...,...,...,...,...,...,06-1
12,13,993.3,...,33.5,...,X,0.8,76,...,...,0.0,...,...,...,...,...,...,06-1
13,14,992.4,...,33.9,...,X,1.0,80,...,...,0.0,...,...,...,...,...,...,06-1
14,15,991.9,...,32.9,...,X,0.8,97,...,...,0.0,...,...,...,...,...,...,06-1
15,16,991.7,...,33.3,...,X,0.6,75,...,...,0.0,...,...,...,...,...,...,06-1
16,17,991.7,...,32.4,...,X,0.8,98,...,...,0.0,...,...,...,...,...,...,06-1
17,18,991.9,...,31.4,...,X,0.8,87,...,...,0.0,...,...,...,...,...,...,06-1
18,19,992.6,...,30.9,...,X,0.6,81,...,...,0.0,...,...,...,...,...,...,06-1
19,20,993.2,...,30.4,...,X,0.3,105,...,...,0.0,...,...,...,...,...,...,06-1
20,21,993.8,...,29.3,...,X,0.0,0,...,...,0.0,...,...,...,...,...,...,06-1
21,22,993.8,...,29.0,...,X,0.0,0,...,...,0.0,...,...,...,...,...,...,06-1
22,23,993.2,...,28.7,...,X,0.1,0,...,...,0.0,...,...,...,...,...,...,06-1
23,24,992.6,...,28.4,...,X,0.0,0,...,...,0.0,...,...,...,...,...,...,06-1
24,01,992.0,...,27.8,...,X,0.0,0,...,...,0.0,...,...,...,...,...,...,06-2
25,02,991.7,...,27.7,...,X,0.2,0,...,...,0.0,...,...,...,...,...,...,06-2
26,03,991.8,...,26.9,...,X,0.2,0,...,...,1.0,...,...,...,...,...,...,06-2
27,04,991.9,...,24.7,...,X,0.3,93,...,...,2.5,...,...,...,...,...,...,06-2
28,05,992.9,...,23.6,...,X,0.6,45,...,...,14.5,...,...,...,...,...,...,06-2
29,06,992.6,...,23.7,...,X,0.2,0,...,...,1.0,...,...,...,...,...,...,06-2
30,07,993.7,...,24.0,...,X,0.3,156,...,...,0.5,...,...,...,...,...,...,06-2
31,08,992.8,...,24.5,...,X,0.0,0,...,...,0.0,...,...,...,...,...,...,06-2
32,09,992.7,...,25.9,...,X,0.0,0,...,...,0.0,...,...,...,...,...,...,06-2
33,10,992.8,...,25.2,...,X,0.5,36,...,...,0.0,...,...,...,...,...,...,06-2
34,11,993.8,...,24.1,...,X,1.4,91,...,...,21.0,...,...,...,...,...,...,06-2
35,12,994.2,...,23.9,...,X,0.5,325,...,...,68.0,...,...,...,...,...,...,06-2
36,13,994.0,...,23.8,...,X,0.4,186,...,...,47.5,...,...,...,...,...,...,06-2
37,14,993.7,...,24.0,...,X,0.3,187,...,...,15.0,...,...,...,...,...,...,06-2
38,15,993.9,...,24.5,...,X,0.1,0,...,...,0.0,...,...,...,...,...,...,06-2
39,16,994.3,...,24.9,...,X,0.1,0,...,...,0.0,...,...,...,...,...,...,06-2
40,17,994.7,...,24.4,...,X,0.0,0,...,...,1.0,...,...,...,...,...,...,06-2
41,18,995.5,...,24.3,...,X,0.0,0,...,...,2.0,...,...,...,...,...,...,06-2
42,19,995.8,...,23.8,...,X,0.2,0,...,...,1.0,...,...,...,...,...,...,06-2
43,20,996.3,...,23.7,...,X,0.1,0,...,...,0.5,...,...,...,...,...,...,06-2
44,21,996.5,...,23.5,...,X,0.2,0,...,...,1.5,...,...,...,...,...,...,06-2
45,22,997.4,...,23.7,...,X,0.0,0,...,...,0.5,...,...,...,...,...,...,06-2
46,23,997.2,...,23.7,...,X,0.0,0,...,...,3.5,...,...,...,...,...,...,06-2
47,24,996.4,...,23.7,...,X,0.0,0,...,...,1.5,...,...,...,...,...,...,06-2
48,01,996.3,...,23.5,...,X,0.0,0,...,...,0.0,...,...,...,...,...,...,06-3
49,02,995.8,...,23.7,...,X,0.0,0,...,...,0.0,...,...,...,...,...,...,06-3
50,03,995.7,...,23.7,...,X,0.0,0,...,...,0.0,...,...,...,...,...,...,06-3
51,04,996.0,...,23.9,...,X,0.0,0,...,...,0.0,...,...,...,...,...,...,06-3
52,05,996.3,...,24.0,...,X,0.0,0,...,...,0.0,...,...,...,...,...,...,06-3
53,06,996.6,...,24.0,...,X,0.2,0,...,...,0.0,...,...,...,...,...,...,06-3
54,07,997.0,...,24.5,...,X,0.1,0,...,...,0.0,...,...,...,...,...,...,06-3
55,08,997.4,...,24.8,...,X,0.3,44,...,...,0.0,...,...,...,...,...,...,06-3
56,09,997.4,...,25.0,...,X,0.1,0,...,...,1.0,...,...,...,...,...,...,06-3
57,10,997.5,...,25.6,...,X,0.0,0,...,...,0.0,...,...,...,...,...,...,06-3
58,11,997.2,...,25.4,...,X,0.3,77,...,...,0.0,...,...,...,...,...,...,06-3
59,12,996.9,...,24.8,...,X,0.1,0,...,...,1.5,...,...,...,...,...,...,06-3
60,13,996.4,...,24.5,...,X,0.1,0,...,...,4.0,...,...,...,...,...,...,06-3
61,14,995.7,...,24.2,...,X,0.7,46,...,...,1.5,...,...,...,...,...,...,06-3
62,15,995.8,...,24.1,...,X,0.0,0,...,...,5.0,...,...,...,...,...,...,06-3
63,16,995.2,...,24.0,...,X,0.4,58,...,...,14.5,...,...,...,...,...,...,06-3
64,17,996.4,...,23.9,...,X,0.0,0,...,...,24.5,...,...,...,...,...,...,06-3
65,18,996.2,...,24.0,...,X,0.5,70,...,...,28.0,...,...,...,...,...,...,06-3
66,19,996.9,...,23.9,...,X,0.0,0,...,...,30.0,...,...,...,...,...,...,06-3
67,20,997.7,...,23.1,...,X,0.0,0,...,...,24.0,...,...,...,...,...,...,06-3
68,21,998.0,...,23.4,...,X,0.0,0,...,...,11.0,...,...,...,...,...,...,06-3
69,22,997.2,...,23.6,...,X,0.1,0,...,...,0.5,...,...,...,...,...,...,06-3
70,23,996.0,...,23.6,...,X,0.6,88,...,...,0.0,...,...,...,...,...,...,06-3
71,24,995.6,...,24.0,...,X,0.5,71,...,...,0.0,...,...,...,...,...,...,06-3
72,01,995.8,...,24.1,...,X,0.0,0,...,...,0.0,...,...,...,...,...,...,06-4
73,02,995.8,...,23.8,...,X,0.0,0,...,...,0.0,...,...,...,...,...,...,06-4
74,03,996.1,...,24.0,...,X,0.0,0,...,...,0.0,...,...,...,...,...,...,06-4
75,04,996.1,...,23.9,...,X,0.0,0,...,...,0.0,...,...,...,...,...,...,06-4
76,05,996.4,...,23.6,...,X,0.0,0,...,...,12.5,...,...,...,...,...,...,06-4
77,06,996.9,...,23.7,...,X,0.0,0,...,...,0.0,...,...,...,...,...,...,06-4
78,07,997.5,...,23.8,...,X,0.0,0,...,...,0.0,...,...,...,...,...,...,06-4
79,08,997.9,...,24.0,...,X,0.0,0,...,...,0.0,...,...,...,...,...,...,06-4
80,09,998.2,...,24.6,...,X,0.0,0,...,...,0.0,...,...,...,...,...,...,06-4
81,10,998.0,...,25.9,...,X,0.0,0,...,...,0.0,...,...,...,...,...,...,06-4
82,11,997.9,...,26.3,...,X,0.3,75,...,...,0.0,...,...,...,...,...,...,06-4
83,12,997.9,...,26.8,...,X,0.4,5,...,...,0.0,...,...,...,...,...,...,06-4
84,13,997.7,...,26.8,...,X,0.2,0,...,...,0.5,...,...,...,...,...,...,06-4
85,14,997.7,...,26.1,...,X,0.0,0,...,...,0.0,...,...,...,...,...,...,06-4
86,15,997.8,...,26.3,...,X,0.0,0,...,...,0.0,...,...,...,...,...,...,06-4
87,16,998.0,...,25.9,...,X,0.1,0,...,...,1.0,...,...,...,...,...,...,06-4
88,17,998.4,...,25.4,...,X,0.1,0,...,...,0.5,...,...,...,...,...,...,06-4
89,18,998.7,...,25.0,...,X,0.3,63,...,...,4.0,...,...,...,...,...,...,06-4
90,19,999.5,...,24.7,...,X,0.2,0,...,...,0.5,...,...,...,...,...,...,06-4
91,20,1000.1,...,24.5,...,X,0.5,107,...,...,0.0,...,...,...,...,...,...,06-4
92,21,1000.4,...,24.5,...,X,0.6,78,...,...,0.0,...,...,...,...,...,...,06-4
93,22,1000.9,...,24.4,...,X,0.6,60,...,...,0.0,...,...,...,...,...,...,06-4
94,23,1000.8,...,24.4,...,X,0.3,63,...,...,0.0,...,...,...,...,...,...,06-4
95,24,1000.7,...,24.5,...,X,0.3,64,...,...,0.0,...,...,...,...,...,...,06-4
96,01,1000.2,...,24.6,...,X,0.3,59,...,...,0.0,...,...,...,...,...,...,06-5
97,02,999.8,...,24.5,...,X,0.1,0,...,...,0.0,...,...,...,...,...,...,06-5
98,03,999.6,...,24.5,...,X,0.3,80,...,...,0.0,...,...,...,...,...,...,06-5
99,04,999.7,...,24.5,...,X,0.0,0,...,...,0.0,...,...,...,...,...,...,06-5
100,05,1000.1,...,24.5,...,X,0.0,0,...,...,0.0,...,...,...,...,...,...,06-5
101,06,1000.3,...,24.6,...,X,0.0,0,...,...,0.0,...,...,...,...,...,...,06-5
102,07,1000.8,...,25.5,...,X,0.0,0,...,...,0.0,...,...,...,...,...,...,06-5
103,08,1001.4,...,28.0,...,X,0.0,0,...,...,0.0,...,...,...,...,...,...,06-5
104,09,1001.7,...,29.7,...,X,0.0,0,...,...,0.0,...,...,...,...,...,...,06-5
105,10,1001.4,...,30.3,...,X,0.0,0,...,...,0.0,...,...,...,...,...,...,06-5
106,11,1001.1,...,31.5,...,X,0.1,0,...,...,0.0,...,...,...,...,...,...,06-5
107,12,1000.8,...,30.6,...,X,0.3,85,...,...,0.0,...,...,...,...,...,...,06-5
108,13,1000.5,...,30.3,...,X,0.2,0,...,...,0.0,...,...,...,...,...,...,06-5
109,14,1000.1,...,30.3,...,X,0.0,0,...,...,0.0,...,...,...,...,...,...,06-5
110,15,999.8,...,30.0,...,X,0.2,0,...,...,0.0,...,...,...,...,...,...,06-5
111,16,999.9,...,29.4,...,X,0.0,0,...,...,0.0,...,...,...,...,...,...,06-5
112,17,1000.3,...,29.2,...,X,0.0,0,...,...,0.0,...,...,...,...,...,...,06-5
113,18,1000.5,...,27.5,...,X,0.4,76,...,...,0.0,...,...,...,...,...,...,06-5
114,19,1001.1,...,27.6,...,X,0.0,0,...,...,0.0,...,...,...,...,...,...,06-5
115,20,1001.7,...,27.0,...,X,0.1,0,...,...,0.0,...,...,...,...,...,...,06-5
116,21,1002.3,...,26.8,...,X,0.1,0,...,...,0.0,...,...,...,...,...,...,06-5
117,22,1002.7,...,26.6,...,X,0.2,0,...,...,0.0,...,...,...,...,...,...,06-5
118,23,1002.8,...,26.8,...,X,0.0,0,...,...,0.0,...,...,...,...,...,...,06-5
119,24,1002.6,...,26.6,...,X,0.0,0,...,...,0.0,...,...,...,...,...,...,06-5
120,01,1002.4,...,26.3,...,X,0.0,0,...,...,0.0,...,...,...,...,...,...,06-6
121,02,1002.0,...,25.7,...,X,0.0,0,...,...,0.0,...,...,...,...,...,...,06-6
122,03,1002.0,...,25.6,...,X,0.0,0,...,...,0.0,...,...,...,...,...,...,06-6
123,04,1002.3,...,25.3,...,X,0.0,0,...,...,0.0,...,...,...,...,...,...,06-6
124,05,1002.7,...,25.2,...,X,0.0,0,...,...,0.0,...,...,...,...,...,...,06-6
125,06,1003.0,...,25.6,...,X,0.1,0,...,...,0.0,...,...,...,...,...,...,06-6
126,07,1003.3,...,26.8,...,X,0.0,0,...,...,0.0,...,...,...,...,...,...,06-6
127,08,1003.4,...,29.2,...,X,0.0,0,...,...,0.0,...,...,...,...,...,...,06-6
128,09,1003.0,...,31.9,...,X,0.0,0,...,...,0.0,...,...,...,...,...,...,06-6
129,10,1003.0,...,33.3,...,X,0.0,0,...,...,0.0,...,...,...,...,...,...,06-6
130,11,1002.6,...,34.5,...,X,0.1,0,...,...,0.0,...,...,...,...,...,...,06-6
131,12,1002.1,...,35.1,...,X,0.1,0,...,...,0.0,...,...,...,...,...,...,06-6
132,13,1001.8,...,33.1,...,X,0.4,314,...,...,0.0,...,...,...,...,...,...,06-6
133,14,1001.6,...,31.7,...,X,0.2,0,...,...,0.0,...,...,...,...,...,...,06-6
134,15,1001.5,...,29.8,...,X,0.6,63,...,...,0.0,...,...,...,...,...,...,06-6
135,16,1001.5,...,29.5,...,X,0.2,0,...,...,0.0,...,...,...,...,...,...,06-6
136,17,1001.8,...,29.2,...,X,0.2,0,...,...,0.0,...,...,...,...,...,...,06-6
137,18,1002.0,...,29.0,...,X,0.2,0,...,...,0.0,...,...,...,...,...,...,06-6
138,19,1002.0,...,28.7,...,X,0.2,0,...,...,0.0,...,...,...,...,...,...,06-6
139,20,1002.5,...,28.7,...,X,0.0,0,...,...,0.0,...,...,...,...,...,...,06-6
140,21,1003.3,...,28.7,...,X,0.0,0,...,...,0.0,...,...,...,...,...,...,06-6
141,22,1003.4,...,28.1,...,X,0.0,0,...,...,0.0,...,...,...,...,...,...,06-6
142,23,1003.0,...,27.6,...,X,0.0,0,...,...,0.0,...,...,...,...,...,...,06-6
143,24,1002.5,...,27.3,...,X,0.0,0,...,...,0.0,...,...,...,...,...,...,06-6
144,01,1002.2,...,26.8,...,X,0.0,0,...,...,0.0,...,...,...,...,...,...,06-7
145,02,1002.0,...,26.4,...,X,0.0,0,...,...,0.0,...,...,...,...,...,...,06-7
146,03,1001.9,...,26.1,...,X,0.0,0,...,...,0.0,...,...,...,...,...,...,06-7
147,04,1001.7,...,25.8,...,X,0.0,0,...,...,0.0,...,...,...,...,...,...,06-7
148,05,1002.0,...,25.5,...,X,0.0,0,...,...,0.0,...,...,...,...,...,...,06-7
149,06,1002.6,...,25.5,...,X,0.0,0,...,...,0.0,...,...,...,...,...,...,06-7
150,07,1003.4,...,28.7,...,X,0.0,0,...,...,0.0,...,...,...,...,...,...,06-7
151,08,1003.7,...,31.3,...,X,0.0,0,...,...,0.0,...,...,...,...,...,...,06-7
152,09,1003.8,...,31.7,...,X,0.2,0,...,...,0.0,...,...,...,...,...,...,06-7
153,10,1003.6,...,33.2,...,X,0.0,0,...,...,0.0,...,...,...,...,...,...,06-7
154,11,1003.3,...,34.4,...,X,0.2,0,...,...,0.0,...,...,...,...,...,...,06-7
155,12,1002.8,...,34.6,...,X,0.7,313,...,...,0.0,...,...,...,...,...,...,06-7
156,13,1002.1,...,35.3,...,X,0.2,0,...,...,0.0,...,...,...,...,...,...,06-7
157,14,1001.5,...,32.4,...,X,0.2,0,...,...,0.0,...,...,...,...,...,...,06-7
158,15,1001.2,...,34.2,...,X,0.3,122,...,...,0.0,...,...,...,...,...,...,06-7
159,16,1001.8,...,32.4,...,X,0.0,0,...,...,0.0,...,...,...,...,...,...,06-7
160,17,1001.6,...,32.0,...,X,0.0,0,...,...,0.0,...,...,...,...,...,...,06-7
161,18,1002.2,...,31.4,...,X,0.2,0,...,...,0.0,...,...,...,...,...,...,06-7
162,19,1003.0,...,30.4,...,X,0.5,144,...,...,0.0,...,...,...,...,...,...,06-7
163,20,1003.4,...,29.3,...,X,0.1,0,...,...,0.0,...,...,...,...,...,...,06-7
164,21,1003.8,...,28.9,...,X,0.0,0,...,...,0.0,...,...,...,...,...,...,06-7
165,22,1004.2,...,28.2,...,X,0.1,0,...,...,0.0,...,...,...,...,...,...,06-7
166,23,1004.1,...,27.7,...,X,0.0,0,...,...,0.0,...,...,...,...,...,...,06-7
167,24,1003.8,...,27.4,...,X,0.3,31,...,...,0.0,...,...,...,...,...,...,06-7
168,01,1003.5,...,26.9,...,X,0.0,0,...,...,0.0,...,...,...,...,...,...,06-8
169,02,1003.1,...,26.9,...,X,0.1,0,...,...,0.0,...,...,...,...,...,...,06-8
170,03,1002.9,...,26.9,...,X,0.2,0,...,...,0.0,...,...,...,...,...,...,06-8
171,04,1003.0,...,26.6,...,X,0.1,0,...,...,0.0,...,...,...,...,...,...,06-8
172,05,1003.6,...,26.8,...,X,0.1,0,...,...,0.0,...,...,...,...,...,...,06-8
173,06,1003.7,...,26.6,...,X,0.1,0,...,...,0.0,...,...,...,...,...,...,06-8
174,07,1004.1,...,28.1,...,X,0.0,0,...,...,0.0,...,...,...,...,...,...,06-8
175,08,1004.1,...,30.5,...,X,0.1,0,...,...,0.0,...,...,...,...,...,...,06-8
176,09,1004.2,...,31.5,...,X,0.1,0,...,...,0.0,...,...,...,...,...,...,06-8
177,10,1004.2,...,31.9,...,X,0.6,114,...,...,0.0,...,...,...,...,...,...,06-8
178,11,1004.0,...,32.0,...,X,0.4,90,...,...,0.0,...,...,...,...,...,...,06-8
179,12,1003.3,...,33.1,...,X,0.2,0,...,...,0.0,...,...,...,...,...,...,06-8
180,13,1002.7,...,31.4,...,X,0.8,77,...,...,0.0,...,...,...,...,...,...,06-8
181,14,1002.3,...,31.9,...,X,0.5,151,...,...,0.0,...,...,...,...,...,...,06-8
182,15,1002.1,...,30.5,...,X,0.6,25,...,...,0.0,...,...,...,...,...,...,06-8
183,16,1001.8,...,29.8,...,X,0.3,291,...,...,0.0,...,...,...,...,...,...,06-8
184,17,1001.8,...,29.6,...,X,0.4,60,...,...,0.0,...,...,...,...,...,...,06-8
185,18,1001.9,...,29.2,...,X,0.3,18,...,...,0.0,...,...,...,...,...,...,06-8
186,19,1002.3,...,28.2,...,X,0.4,64,...,...,0.0,...,...,...,...,...,...,06-8
187,20,1002.6,...,27.8,...,X,0.4,60,...,...,0.0,...,...,...,...,...,...,06-8
188,21,1003.6,...,27.6,...,X,0.1,0,...,...,0.0,...,...,...,...,...,...,06-8
189,22,1004.1,...,27.6,...,X,0.0,0,...,...,0.0,...,...,...,...,...,...,06-8
190,23,1003.9,...,27.2,...,X,0.2,0,...,...,0.0,...,...,...,...,...,...,06-8
191,24,1003.5,...,27.1,...,X,0.0,0,...,...,0.0,...,...,...,...,...,...,06-8
192,01,1002.6,...,26.9,...,X,0.0,0,...,...,0.0,...,...,...,...,...,...,06-9
193,02,1002.0,...,26.7,...,X,0.0,0,...,...,0.0,...,...,...,...,...,...,06-9
194,03,1001.7,...,26.4,...,X,0.0,0,...,...,0.0,...,...,...,...,...,...,06-9
195,04,1002.1,...,26.0,...,X,0.0,0,...,...,0.0,...,...,...,...,...,...,06-9
196,05,1002.5,...,25.7,...,X,0.0,0,...,...,0.0,...,...,...,...,...,...,06-9
197,06,1002.4,...,26.2,...,X,0.0,0,...,...,0.0,...,...,...,...,...,...,06-9
198,07,1002.7,...,27.4,...,X,0.1,0,...,...,0.0,...,...,...,...,...,...,06-9
199,08,1002.7,...,29.9,...,X,0.2,0,...,...,0.0,...,...,...,...,...,...,06-9
200,09,1002.9,...,32.1,...,X,0.1,0,...,...,0.0,...,...,...,...,...,...,06-9
201,10,1002.4,...,32.6,...,X,0.0,0,...,...,0.0,...,...,...,...,...,...,06-9
202,11,1002.6,...,33.0,...,X,0.3,307,...,...,0.0,...,...,...,...,...,...,06-9
203,12,1002.5,...,33.4,...,X,0.0,0,...,...,0.0,...,...,...,...,...,...,06-9
204,13,1002.1,...,31.8,...,X,0.1,0,...,...,0.0,...,...,...,...,...,...,06-9
205,14,1002.1,...,32.8,...,X,0.2,0,...,...,0.0,...,...,...,...,...,...,06-9
206,15,1001.7,...,32.9,...,X,0.3,336,...,...,0.0,...,...,...,...,...,...,06-9
207,16,1001.3,...,32.1,...,X,0.0,0,...,...,0.0,...,...,...,...,...,...,06-9
208,17,1001.1,...,30.7,...,X,0.1,0,...,...,0.0,...,...,...,...,...,...,06-9
209,18,1001.3,...,30.5,...,X,0.2,0,...,...,0.0,...,...,...,...,...,...,06-9
210,19,1001.7,...,29.2,...,X,0.2,0,...,...,0.0,...,...,...,...,...,...,06-9
211,20,1002.5,...,28.3,...,X,0.2,0,...,...,0.0,...,...,...,...,...,...,06-9
212,21,1002.9,...,27.6,...,X,0.2,0,...,...,0.0,...,...,...,...,...,...,06-9
213,22,1003.5,...,27.5,...,X,0.2,0,...,...,0.0,...,...,...,...,...,...,06-9
214,23,1003.2,...,27.4,...,X,0.1,0,...,...,0.0,...,...,...,...,...,...,06-9
215,24,1002.4,...,27.6,...,X,0.0,0,...,...,0.0,...,...,...,...,...,...,06-9
216,01,1002.1,...,27.4,...,X,0.0,0,...,...,0.0,...,...,...,...,...,...,06-10
217,02,1001.8,...,26.9,...,X,0.0,0,...,...,0.0,...,...,...,...,...,...,06-10
218,03,1001.6,...,26.6,...,X,0.0,0,...,...,0.0,...,...,...,...,...,...,06-10
219,04,1001.3,...,26.4,...,X,0.0,0,...,...,0.0,...,...,...,...,...,...,06-10
220,05,1001.4,...,26.1,...,X,0.0,0,...,...,0.0,...,...,...,...,...,...,06-10
221,06,1001.5,...,26.2,...,X,0.1,0,...,...,0.0,...,...,...,...,...,...,06-10
222,07,1001.7,...,28.2,...,X,0.0,0,...,...,0.0,...,...,...,...,...,...,06-10
223,08,1001.7,...,30.5,...,X,0.0,0,...,...,0.0,...,...,...,...,...,...,06-10
224,09,1001.7,...,33.1,...,X,0.0,0,...,...,0.0,...,...,...,...,...,...,06-10
225,10,1001.5,...,33.8,...,X,0.1,0,...,...,0.0,...,...,...,...,...,...,06-10
226,11,1001.3,...,33.8,...,X,0.6,286,...,...,0.0,...,...,...,...,...,...,06-10
227,12,1001.3,...,34.0,...,X,0.3,62,...,...,0.0,...,...,...,...,...,...,06-10
228,13,1000.8,...,32.9,...,X,0.1,0,...,...,0.0,...,...,...,...,...,...,06-10
229,14,1000.5,...,31.7,...,X,0.1,0,...,...,0.0,...,...,...,...,...,...,06-10
230,15,1000.1,...,28.9,...,X,1.2,55,...,...,0.5,...,...,...,...,...,...,06-10
231,16,1000.4,...,26.9,...,X,0.1,0,...,...,8.5,...,...,...,...,...,...,06-10
232,17,1000.1,...,26.9,...,X,0.1,0,...,...,25.0,...,...,...,...,...,...,06-10
233,18,1000.4,...,27.9,...,X,0.2,0,...,...,0.5,...,...,...,...,...,...,06-10
234,19,1000.3,...,27.9,...,X,0.1,0,...,...,0.0,...,...,...,...,...,...,06-10
235,20,1000.5,...,27.9,...,X,0.0,0,...,...,0.0,...,...,...,...,...,...,06-10
236,21,1000.7,...,27.9,...,X,0.0,0,...,...,0.0,...,...,...,...,...,...,06-10
237,22,1001.1,...,27.7,...,X,0.0,0,...,...,0.0,...,...,...,...,...,...,06-10
238,23,1000.9,...,27.4,...,X,0.0,0,...,...,0.0,...,...,...,...,...,...,06-10
239,24,1000.5,...,27.3,...,X,0.1,0,...,...,0.0,...,...,...,...,...,...,06-10
240,01,1000.1,...,26.9,...,X,0.2,0,...,...,0.0,...,...,...,...,...,...,06-11
241,02,999.6,...,26.6,...,X,0.0,0,...,...,0.0,...,...,...,...,...,...,06-11
242,03,999.1,...,26.3,...,X,0.0,0,...,...,0.0,...,...,...,...,...,...,06-11
243,04,999.0,...,26.2,...,X,0.0,0,...,...,0.0,...,...,...,...,...,...,06-11
244,05,999.1,...,26.0,...,X,0.0,0,...,...,0.0,...,...,...,...,...,...,06-11
245,06,999.8,...,26.0,...,X,0.0,0,...,...,0.0,...,...,...,...,...,...,06-11
246,07,1000.3,...,29.2,...,X,0.1,0,...,...,0.0,...,...,...,...,...,...,06-11
247,08,1000.7,...,30.4,...,X,0.2,0,...,...,0.0,...,...,...,...,...,...,06-11
248,09,1000.5,...,32.1,...,X,0.0,0,...,...,0.0,...,...,...,...,...,...,06-11
249,10,1000.5,...,33.8,...,X,0.0,0,...,...,0.0,...,...,...,...,...,...,06-11
250,11,1000.5,...,34.4,...,X,0.0,0,...,...,0.0,...,...,...,...,...,...,06-11
251,12,1000.2,...,34.1,...,X,0.6,313,...,...,0.0,...,...,...,...,...,...,06-11
252,13,999.8,...,33.8,...,X,0.2,0,...,...,0.0,...,...,...,...,...,...,06-11
253,14,999.7,...,30.0,...,X,0.0,0,...,...,1.5,...,...,...,...,...,...,06-11
254,15,1000.3,...,27.4,...,X,0.5,179,...,...,20.0,...,...,...,...,...,...,06-11
255,16,999.8,...,25.5,...,X,0.0,0,...,...,12.0,...,...,...,...,...,...,06-11
256,17,999.3,...,26.4,...,X,0.0,0,...,...,0.5,...,...,...,...,...,...,06-11
257,18,1000.2,...,26.9,...,X,0.0,0,...,...,0.0,...,...,...,...,...,...,06-11
258,19,1001.1,...,26.3,...,X,0.0,0,...,...,3.0,...,...,...,...,...,...,06-11
259,20,1001.1,...,26.2,...,X,0.0,0,...,...,1.0,...,...,...,...,...,...,06-11
260,21,1001.1,...,25.9,...,X,0.0,0,...,...,0.0,...,...,...,...,...,...,06-11
261,22,1001.6,...,26.1,...,X,0.0,0,...,...,0.0,...,...,...,...,...,...,06-11
262,23,1001.7,...,26.1,...,X,0.0,0,...,...,0.0,...,...,...,...,...,...,06-11
263,24,1000.8,...,25.9,...,X,0.0,0,...,...,0.0,...,...,...,...,...,...,06-11
264,01,1000.6,...,25.8,...,X,0.0,0,...,...,0.0,...,...,...,...,...,...,06-12
265,02,1000.3,...,25.7,...,X,0.0,0,...,...,0.0,...,...,...,...,...,...,06-12
266,03,1000.4,...,25.9,...,X,0.0,0,...,...,0.0,...,...,...,...,...,...,06-12
267,04,1000.4,...,25.3,...,X,0.0,0,...,...,0.0,...,...,...,...,...,...,06-12
268,05,1000.4,...,25.0,...,X,0.0,0,...,...,0.0,...,...,...,...,...,...,06-12
269,06,1000.8,...,25.6,...,X,0.0,0,...,...,0.0,...,...,...,...,...,...,06-12
270,07,1001.2,...,26.2,...,X,0.0,0,...,...,0.0,...,...,...,...,...,...,06-12
271,08,1001.7,...,28.7,...,X,0.2,0,...,...,0.0,...,...,...,...,...,...,06-12
272,09,1001.7,...,30.0,...,X,0.0,0,...,...,0.0,...,...,...,...,...,...,06-12
273,10,1001.7,...,31.2,...,X,0.1,0,...,...,0.0,...,...,...,...,...,...,06-12
274,11,1001.2,...,32.7,...,X,0.1,0,...,...,0.0,...,...,...,...,...,...,06-12
275,12,1000.8,...,34.2,...,X,0.0,0,...,...,0.0,...,...,...,...,...,...,06-12
276,13,1000.1,...,33.8,...,X,0.0,0,...,...,0.0,...,...,...,...,...,...,06-12
277,14,999.6,...,32.0,...,X,0.5,280,...,...,0.0,...,...,...,...,...,...,06-12
278,15,999.8,...,26.5,...,X,0.1,0,...,...,22.0,...,...,...,...,...,...,06-12
279,16,999.9,...,27.3,...,X,0.4,18,...,...,4.5,...,...,...,...,...,...,06-12
280,17,1000.9,...,25.4,...,X,0.2,0,...,...,8.0,...,...,...,...,...,...,06-12
281,18,1001.8,...,24.6,...,X,0.0,0,...,...,8.0,...,...,...,...,...,...,06-12
282,19,1001.4,...,24.6,...,X,0.1,0,...,...,1.0,...,...,...,...,...,...,06-12
283,20,1002.1,...,25.1,...,X,0.0,0,...,...,0.0,...,...,...,...,...,...,06-12
284,21,1001.7,...,25.2,...,X,0.0,0,...,...,0.0,...,...,...,...,...,...,06-12
285,22,1002.3,...,24.9,...,X,0.0,0,...,...,0.0,...,...,...,...,...,...,06-12
286,23,1002.7,...,25.2,...,X,0.0,0,...,...,0.0,...,...,...,...,...,...,06-12
287,24,1002.9,...,25.1,...,X,0.0,0,...,...,0.0,...,...,...,...,...,...,06-12
288,01,1002.2,...,25.3,...,X,0.0,0,...,...,0.0,...,...,...,...,...,...,06-13
289,02,1001.5,...,25.0,...,X,0.0,0,...,...,0.0,...,...,...,...,...,...,06-13
290,03,1001.3,...,25.1,...,X,0.0,0,...,...,0.0,...,...,...,...,...,...,06-13
291,04,1001.2,...,25.1,...,X,0.0,0,...,...,0.0,...,...,...,...,...,...,06-13
292,05,1001.3,...,25.0,...,X,0.0,0,...,...,0.0,...,...,...,...,...,...,06-13
293,06,1001.8,...,25.3,...,X,0.0,0,...,...,0.0,...,...,...,...,...,...,06-13
294,07,1002.0,...,28.4,...,X,0.0,0,...,...,0.0,...,...,...,...,...,...,06-13
295,08,1002.1,...,29.4,...,X,0.0,0,...,...,0.0,...,...,...,...,...,...,06-13
296,09,1001.8,...,32.4,...,X,0.0,0,...,...,0.0,...,...,...,...,...,...,06-13
297,10,1001.5,...,33.2,...,X,0.1,0,...,...,0.0,...,...,...,...,...,...,06-13
298,11,1001.8,...,33.2,...,X,0.0,0,...,...,0.0,...,...,...,...,...,...,06-13
299,12,1001.0,...,33.2,...,X,0.7,72,...,...,0.0,...,...,...,...,...,...,06-13
300,13,1000.6,...,32.3,...,X,0.4,193,...,...,0.0,...,...,...,...,...,...,06-13
301,14,1000.3,...,30.4,...,X,0.3,186,...,...,0.0,...,...,...,...,...,...,06-13
302,15,1000.3,...,27.4,...,X,0.2,0,...,...,7.5,...,...,...,...,...,...,06-13
303,16,1000.6,...,26.5,...,X,0.1,0,...,...,10.0,...,...,...,...,...,...,06-13
304,17,1000.3,...,25.5,...,X,0.0,0,...,...,16.5,...,...,...,...,...,...,06-13
305,18,1000.1,...,26.2,...,X,0.2,0,...,...,0.0,...,...,...,...,...,...,06-13
306,19,1000.3,...,26.5,...,X,0.1,0,...,...,0.0,...,...,...,...,...,...,06-13
307,20,1000.2,...,26.8,...,X,0.0,0,...,...,0.0,...,...,...,...,...,...,06-13
308,21,1000.4,...,26.8,...,X,0.0,0,...,...,0.0,...,...,...,...,...,...,06-13
309,22,1000.5,...,26.7,...,X,0.0,0,...,...,0.0,...,...,...,...,...,...,06-13
310,23,1000.4,...,26.5,...,X,0.0,0,...,...,0.0,...,...,...,...,...,...,06-13
311,24,999.9,...,26.4,...,X,0.0,0,...,...,0.0,...,...,...,...,...,...,06-13
312,01,999.1,...,26.2,...,X,0.0,0,...,...,0.0,...,...,...,...,...,...,06-14
313,02,998.1,...,26.1,...,X,0.0,0,...,...,0.0,...,...,...,...,...,...,06-14
314,03,998.0,...,25.9,...,X,0.0,0,...,...,0.0,...,...,...,...,...,...,06-14
315,04,998.0,...,25.8,...,X,0.0,0,...,...,0.0,...,...,...,...,...,...,06-14
316,05,997.9,...,25.9,...,X,0.0,0,...,...,0.0,...,...,...,...,...,...,06-14
317,06,998.5,...,25.9,...,X,0.0,0,...,...,0.0,...,...,...,...,...,...,06-14
318,07,999.6,...,25.7,...,X,0.0,0,...,...,1.5,...,...,...,...,...,...,06-14
319,08,1000.0,...,24.8,...,X,0.5,89,...,...,4.5,...,...,...,...,...,...,06-14
320,09,1000.6,...,24.8,...,X,0.7,106,...,...,6.0,...,...,...,...,...,...,06-14
321,10,1000.2,...,24.9,...,X,0.9,72,...,...,3.5,...,...,...,...,...,...,06-14
322,11,999.3,...,24.8,...,X,0.4,83,...,...,2.0,...,...,...,...,...,...,06-14
323,12,999.3,...,24.7,...,X,0.0,0,...,...,3.0,...,...,...,...,...,...,06-14
324,13,999.6,...,24.9,...,X,0.3,75,...,...,3.0,...,...,...,...,...,...,06-14
325,14,999.6,...,24.6,...,X,0.2,0,...,...,7.0,...,...,...,...,...,...,06-14
326,15,1000.0,...,24.2,...,X,0.5,185,...,...,15.0,...,...,...,...,...,...,06-14
327,16,1000.3,...,24.4,...,X,0.0,0,...,...,0.5,...,...,...,...,...,...,06-14
328,17,1000.6,...,24.6,...,X,0.1,0,...,...,0.5,...,...,...,...,...,...,06-14
329,18,1001.2,...,24.2,...,X,0.0,0,...,...,0.0,...,...,...,...,...,...,06-14
330,19,1002.0,...,23.7,...,X,0.0,0,...,...,4.0,...,...,...,...,...,...,06-14
331,20,1002.1,...,23.3,...,X,0.3,33,...,...,0.0,...,...,...,...,...,...,06-14
332,21,1001.8,...,23.2,...,X,0.2,0,...,...,0.0,...,...,...,...,...,...,06-14
333,22,1002.3,...,23.0,...,X,0.5,73,...,...,2.5,...,...,...,...,...,...,06-14
334,23,1001.9,...,22.8,...,X,0.9,68,...,...,0.0,...,...,...,...,...,...,06-14
335,24,1001.6,...,22.5,...,X,1.0,72,...,...,0.5,...,...,...,...,...,...,06-14
336,01,1001.2,...,22.5,...,X,0.8,74,...,...,0.0,...,...,...,...,...,...,06-15
337,02,1001.1,...,22.1,...,X,0.5,98,...,...,0.0,...,...,...,...,...,...,06-15
338,03,1000.9,...,21.8,...,X,0.4,42,...,...,0.5,...,...,...,...,...,...,06-15
339,04,1001.2,...,22.0,...,X,0.4,106,...,...,0.0,...,...,...,...,...,...,06-15
340,05,1001.3,...,22.0,...,X,0.6,46,...,...,0.0,...,...,...,...,...,...,06-15
341,06,1001.6,...,21.9,...,X,0.5,48,...,...,0.5,...,...,...,...,...,...,06-15
342,07,1001.8,...,22.1,...,X,0.7,67,...,...,0.5,...,...,...,...,...,...,06-15
343,08,1002.3,...,21.6,...,X,1.0,69,...,...,1.0,...,...,...,...,...,...,06-15
344,09,1002.1,...,22.0,...,X,0.3,83,...,...,1.5,...,...,...,...,...,...,06-15
345,10,1002.3,...,22.1,...,X,0.0,0,...,...,4.5,...,...,...,...,...,...,06-15
346,11,1002.2,...,22.5,...,X,0.0,0,...,...,2.5,...,...,...,...,...,...,06-15
347,12,1001.6,...,22.9,...,X,0.2,0,...,...,0.5,...,...,...,...,...,...,06-15
348,13,1001.3,...,23.0,...,X,0.0,0,...,...,2.5,...,...,...,...,...,...,06-15
349,14,1000.8,...,23.2,...,X,0.1,0,...,...,5.5,...,...,...,...,...,...,06-15
350,15,1000.7,...,22.8,...,X,0.2,0,...,...,6.0,...,...,...,...,...,...,06-15
351,16,1000.3,...,22.6,...,X,0.5,96,...,...,6.5,...,...,...,...,...,...,06-15
352,17,1000.2,...,22.6,...,X,0.5,59,...,...,3.0,...,...,...,...,...,...,06-15
353,18,1000.3,...,22.0,...,X,0.1,0,...,...,2.5,...,...,...,...,...,...,06-15
354,19,1000.7,...,22.1,...,X,0.5,62,...,...,2.5,...,...,...,...,...,...,06-15
355,20,1001.3,...,21.9,...,X,0.8,85,...,...,1.0,...,...,...,...,...,...,06-15
356,21,1001.5,...,21.9,...,X,0.3,106,...,...,2.5,...,...,...,...,...,...,06-15
357,22,1001.6,...,21.8,...,X,0.4,77,...,...,2.5,...,...,...,...,...,...,06-15
358,23,1001.5,...,21.9,...,X,0.1,0,...,...,2.5,...,...,...,...,...,...,06-15
359,24,1000.5,...,22.0,...,X,0.2,0,...,...,1.0,...,...,...,...,...,...,06-15
360,01,999.6,...,21.8,...,X,0.1,0,...,...,8.5,...,...,...,...,...,...,06-16
361,02,999.2,...,22.0,...,X,0.2,0,...,...,2.0,...,...,...,...,...,...,06-16
362,03,998.8,...,22.1,...,X,0.3,82,...,...,1.0,...,...,...,...,...,...,06-16
363,04,998.6,...,22.3,...,X,0.0,0,...,...,0.0,...,...,...,...,...,...,06-16
364,05,998.6,...,22.3,...,X,0.0,0,...,...,0.0,...,...,...,...,...,...,06-16
365,06,998.6,...,22.3,...,X,0.0,0,...,...,0.0,...,...,...,...,...,...,06-16
366,07,999.2,...,22.6,...,X,0.3,157,...,...,0.5,...,...,...,...,...,...,06-16
367,08,999.5,...,22.9,...,X,0.0,0,...,...,0.5,...,...,...,...,...,...,06-16
368,09,999.6,...,23.5,...,X,0.0,0,...,...,0.0,...,...,...,...,...,...,06-16
369,10,999.3,...,24.2,...,X,0.0,0,...,...,0.0,...,...,...,...,...,...,06-16
370,11,999.2,...,25.0,...,X,0.1,0,...,...,0.5,...,...,...,...,...,...,06-16
371,12,998.9,...,25.5,...,X,0.0,0,...,...,1.0,...,...,...,...,...,...,06-16
372,13,998.3,...,26.1,...,X,0.1,0,...,...,0.0,...,...,...,...,...,...,06-16
373,14,998.0,...,24.5,...,X,0.7,68,...,...,0.0,...,...,...,...,...,...,06-16
374,15,997.6,...,24.2,...,X,0.4,55,...,...,0.5,...,...,...,...,...,...,06-16
375,16,997.4,...,23.7,...,X,0.5,49,...,...,13.0,...,...,...,...,...,...,06-16
376,17,997.3,...,23.5,...,X,0.1,0,...,...,2.0,...,...,...,...,...,...,06-16
377,18,997.2,...,23.8,...,X,0.0,0,...,...,2.0,...,...,...,...,...,...,06-16
378,19,997.3,...,23.9,...,X,0.0,0,...,...,0.5,...,...,...,...,...,...,06-16
379,20,997.4,...,24.1,...,X,0.0,0,...,...,0.0,...,...,...,...,...,...,06-16
380,21,997.5,...,24.2,...,X,0.0,0,...,...,0.0,...,...,...,...,...,...,06-16
381,22,997.8,...,24.2,...,X,0.0,0,...,...,0.0,...,...,...,...,...,...,06-16
382,23,997.2,...,24.2,...,X,0.0,0,...,...,0.0,...,...,...,...,...,...,06-16
383,24,996.9,...,23.9,...,X,0.0,0,...,...,0.5,...,...,...,...,...,...,06-16
384,01,996.4,...,23.8,...,X,0.0,0,...,...,1.0,...,...,...,...,...,...,06-17
385,02,996.0,...,23.8,...,X,0.0,0,...,...,0.0,...,...,...,...,...,...,06-17
386,03,995.7,...,23.7,...,X,0.3,207,...,...,0.0,...,...,...,...,...,...,06-17
387,04,995.9,...,23.6,...,X,0.0,0,...,...,1.0,...,...,...,...,...,...,06-17
388,05,995.7,...,23.4,...,X,0.0,0,...,...,0.5,...,...,...,...,...,...,06-17
389,06,995.4,...,23.5,...,X,0.0,0,...,...,0.0,...,...,...,...,...,...,06-17
390,07,995.7,...,23.7,...,X,0.0,0,...,...,0.0,...,...,...,...,...,...,06-17
391,08,996.2,...,24.0,...,X,0.0,0,...,...,1.0,...,...,...,...,...,...,06-17
392,09,996.9,...,24.2,...,X,0.1,0,...,...,3.5,...,...,...,...,...,...,06-17
393,10,997.3,...,24.3,...,X,0.1,0,...,...,0.0,...,...,...,...,...,...,06-17
394,11,997.3,...,24.7,...,X,0.0,0,...,...,0.0,...,...,...,...,...,...,06-17
395,12,997.5,...,23.7,...,X,0.5,104,...,...,7.0,...,...,...,...,...,...,06-17
396,13,997.3,...,22.9,...,X,0.7,110,...,...,6.5,...,...,...,...,...,...,06-17
397,14,997.5,...,22.8,...,X,0.7,87,...,...,1.5,...,...,...,...,...,...,06-17
398,15,997.6,...,22.9,...,X,0.4,25,...,...,0.5,...,...,...,...,...,...,06-17
399,16,997.9,...,22.9,...,X,0.4,44,...,...,7.5,...,...,...,...,...,...,06-17
400,17,998.2,...,22.4,...,X,0.6,81,...,...,7.5,...,...,...,...,...,...,06-17
401,18,998.5,...,22.0,...,X,0.3,74,...,...,7.5,...,...,...,...,...,...,06-17
402,19,999.0,...,22.2,...,X,0.1,0,...,...,2.5,...,...,...,...,...,...,06-17
403,20,999.6,...,22.3,...,X,0.0,0,...,...,1.0,...,...,...,...,...,...,06-17
404,21,1000.2,...,22.2,...,X,0.4,49,...,...,5.0,...,...,...,...,...,...,06-17
405,22,1000.9,...,21.9,...,X,0.2,0,...,...,14.0,...,...,...,...,...,...,06-17
406,23,1000.2,...,22.1,...,X,0.2,0,...,...,1.0,...,...,...,...,...,...,06-17
407,24,999.5,...,22.2,...,X,0.7,81,...,...,0.0,...,...,...,...,...,...,06-17
408,01,998.9,...,22.1,...,X,0.7,83,...,...,0.0,...,...,...,...,...,...,06-18
409,02,998.5,...,22.2,...,X,0.4,78,...,...,0.0,...,...,...,...,...,...,06-18
410,03,998.3,...,22.4,...,X,0.6,69,...,...,0.0,...,...,...,...,...,...,06-18
411,04,998.3,...,22.5,...,X,0.5,105,...,...,0.0,...,...,...,...,...,...,06-18
412,05,998.5,...,22.6,...,X,0.8,86,...,...,0.0,...,...,...,...,...,...,06-18
413,06,999.2,...,22.6,...,X,0.7,79,...,...,1.5,...,...,...,...,...,...,06-18
414,07,999.6,...,22.6,...,X,0.4,69,...,...,4.0,...,...,...,...,...,...,06-18
415,08,999.5,...,23.0,...,X,0.3,144,...,...,1.0,...,...,...,...,...,...,06-18
416,09,999.1,...,23.6,...,X,0.6,93,...,...,0.5,...,...,...,...,...,...,06-18
417,10,999.4,...,24.5,...,X,0.3,71,...,...,0.0,...,...,...,...,...,...,06-18
418,11,999.1,...,25.1,...,X,0.4,107,...,...,0.0,...,...,...,...,...,...,06-18
419,12,998.8,...,25.2,...,X,0.2,0,...,...,1.5,...,...,...,...,...,...,06-18
420,13,998.4,...,25.6,...,X,0.4,50,...,...,0.5,...,...,...,...,...,...,06-18
421,14,997.7,...,25.9,...,X,0.2,0,...,...,0.0,...,...,...,...,...,...,06-18
422,15,997.6,...,25.8,...,X,0.1,0,...,...,0.5,...,...,...,...,...,...,06-18
423,16,997.8,...,25.4,...,X,0.0,0,...,...,2.5,...,...,...,...,...,...,06-18
424,17,998.2,...,25.0,...,X,0.0,0,...,...,4.0,...,...,...,...,...,...,06-18
425,18,998.9,...,24.4,...,X,0.0,0,...,...,2.0,...,...,...,...,...,...,06-18
426,19,998.7,...,23.7,...,X,0.0,0,...,...,2.0,...,...,...,...,...,...,06-18
427,20,998.9,...,23.6,...,X,0.0,0,...,...,0.0,...,...,...,...,...,...,06-18
428,21,999.4,...,23.8,...,X,0.0,0,...,...,0.0,...,...,...,...,...,...,06-18
429,22,1000.0,...,24.0,...,X,0.0,0,...,...,0.0,...,...,...,...,...,...,06-18
430,23,1000.2,...,23.9,...,X,0.0,0,...,...,0.0,...,...,...,...,...,...,06-18
431,24,999.6,...,23.8,...,X,0.0,0,...,...,0.0,...,...,...,...,...,...,06-18
432,01,999.3,...,23.8,...,X,0.0,0,...,...,0.0,...,...,...,...,...,...,06-19
433,02,999.1,...,23.8,...,X,0.0,0,...,...,0.0,...,...,...,...,...,...,06-19
434,03,998.6,...,23.7,...,X,0.0,0,...,...,0.0,...,...,...,...,...,...,06-19
435,04,998.5,...,23.6,...,X,0.0,0,...,...,0.0,...,...,...,...,...,...,06-19
436,05,998.9,...,23.6,...,X,0.0,0,...,...,0.0,...,...,...,...,...,...,06-19
437,06,999.3,...,23.7,...,X,0.0,0,...,...,0.5,...,...,...,...,...,...,06-19
438,07,998.8,...,25.2,...,X,0.0,0,...,...,0.0,...,...,...,...,...,...,06-19
439,08,998.6,...,25.2,...,X,0.0,0,...,...,0.5,...,...,...,...,...,...,06-19
440,09,998.9,...,25.8,...,X,0.0,0,...,...,0.0,...,...,...,...,...,...,06-19
441,10,999.3,...,27.7,...,X,0.0,0,...,...,0.0,...,...,...,...,...,...,06-19
442,11,999.5,...,29.2,...,X,0.0,0,...,...,0.0,...,...,...,...,...,...,06-19
443,12,998.5,...,29.3,...,X,0.1,0,...,...,0.0,...,...,...,...,...,...,06-19
444,13,998.1,...,28.6,...,X,0.2,0,...,...,0.0,...,...,...,...,...,...,06-19
445,14,997.7,...,30.4,...,X,0.0,0,...,...,0.0,...,...,...,...,...,...,06-19
446,15,997.1,...,30.3,...,X,0.2,0,...,...,0.0,...,...,...,...,...,...,06-19
447,16,996.9,...,29.8,...,X,0.0,0,...,...,0.0,...,...,...,...,...,...,06-19
448,17,997.6,...,29.5,...,X,0.0,0,...,...,0.0,...,...,...,...,...,...,06-19
449,18,997.8,...,28.2,...,X,0.1,0,...,...,0.0,...,...,...,...,...,...,06-19
450,19,998.1,...,27.5,...,X,0.0,0,...,...,0.0,...,...,...,...,...,...,06-19
451,20,998.5,...,27.0,...,X,0.0,0,...,...,0.0,...,...,...,...,...,...,06-19
452,21,998.4,...,26.5,...,X,0.0,0,...,...,0.0,...,...,...,...,...,...,06-19
453,22,999.0,...,26.7,...,X,0.0,0,...,...,0.0,...,...,...,...,...,...,06-19
454,23,998.9,...,26.0,...,X,0.0,0,...,...,0.0,...,...,...,...,...,...,06-19
455,24,998.3,...,25.8,...,X,0.0,0,...,...,0.0,...,...,...,...,...,...,06-19
456,01,997.6,...,25.4,...,X,0.0,0,...,...,0.0,...,...,...,...,...,...,06-20
457,02,996.8,...,25.0,...,X,0.0,0,...,...,0.0,...,...,...,...,...,...,06-20
458,03,997.0,...,24.8,...,X,0.0,0,...,...,0.0,...,...,...,...,...,...,06-20
459,04,995.9,...,24.9,...,X,0.0,0,...,...,0.0,...,...,...,...,...,...,06-20
460,05,996.2,...,24.6,...,X,0.0,0,...,...,0.0,...,...,...,...,...,...,06-20
461,06,997.1,...,24.7,...,X,0.0,0,...,...,0.0,...,...,...,...,...,...,06-20
462,07,997.4,...,25.6,...,X,0.1,0,...,...,0.0,...,...,...,...,...,...,06-20
463,08,998.0,...,26.5,...,X,0.0,0,...,...,0.0,...,...,...,...,...,...,06-20
464,09,998.0,...,28.6,...,X,0.0,0,...,...,0.0,...,...,...,...,...,...,06-20
465,10,997.6,...,30.1,...,X,0.0,0,...,...,0.0,...,...,...,...,...,...,06-20
466,11,997.2,...,32.4,...,X,0.2,0,...,...,0.0,...,...,...,...,...,...,06-20
467,12,996.7,...,32.4,...,X,0.6,75,...,...,0.0,...,...,...,...,...,...,06-20
468,13,996.4,...,33.3,...,X,0.3,8,...,...,0.0,...,...,...,...,...,...,06-20
469,14,996.0,...,34.4,...,X,0.8,97,...,...,0.0,...,...,...,...,...,...,06-20
470,15,995.5,...,34.1,...,X,0.7,112,...,...,0.0,...,...,...,...,...,...,06-20
471,16,995.7,...,32.8,...,X,0.2,0,...,...,0.0,...,...,...,...,...,...,06-20
472,17,995.7,...,32.1,...,X,0.3,132,...,...,0.0,...,...,...,...,...,...,06-20
473,18,996.2,...,31.1,...,X,0.3,66,...,...,0.0,...,...,...,...,...,...,06-20
474,19,996.1,...,30.1,...,X,0.3,49,...,...,0.0,...,...,...,...,...,...,06-20
475,20,997.0,...,29.8,...,X,0.1,0,...,...,0.0,...,...,...,...,...,...,06-20
476,21,997.8,...,29.7,...,X,0.1,0,...,...,0.0,...,...,...,...,...,...,06-20
477,22,998.4,...,29.0,...,X,0.0,0,...,...,0.0,...,...,...,...,...,...,06-20
478,23,998.1,...,27.8,...,X,X,X,...,...,0.0,...,...,...,...,...,...,06-20
479,24,998.0,...,27.2,...,X,X,X,...,...,0.0,...,...,...,...,...,...,06-20
480,01,997.8,...,26.9,...,X,X,X,...,...,0.0,...,...,...,...,...,...,06-21
481,02,997.8,...,26.5,...,X,X,X,...,...,0.0,...,...,...,...,...,...,06-21
482,03,997.2,...,26.4,...,X,X,X,...,...,0.0,...,...,...,...,...,...,06-21
483,04,997.6,...,26.5,...,X,X,X,...,...,0.0,...,...,...,...,...,...,06-21
484,05,997.6,...,26.3,...,X,X,X,...,...,0.0,...,...,...,...,...,...,06-21
485,06,997.9,...,26.3,...,X,X,X,...,...,0.0,...,...,...,...,...,...,06-21
486,07,998.3,...,26.8,...,X,X,X,...,...,0.0,...,...,...,...,...,...,06-21
487,08,999.1,...,27.8,...,X,X,X,...,...,0.0,...,...,...,...,...,...,06-21
488,09,999.7,...,30.0,...,X,X,X,...,...,0.0,...,...,...,...,...,...,06-21
489,10,999.5,...,31.2,...,X,X,X,...,...,0.0,...,...,...,...,...,...,06-21
490,11,999.0,...,31.3,...,X,X,X,...,...,0.0,...,...,...,...,...,...,06-21
491,12,998.6,...,34.1,...,X,X,X,...,...,0.0,...,...,...,...,...,...,06-21
492,13,997.9,...,34.3,...,X,X,X,...,...,0.0,...,...,...,...,...,...,06-21
493,14,997.6,...,35.4,...,X,X,X,...,...,0.0,...,...,...,...,...,...,06-21
494,15,997.3,...,33.1,...,X,X,X,...,...,0.0,...,...,...,...,...,...,06-21
495,16,997.3,...,31.8,...,X,X,X,...,...,0.0,...,...,...,...,...,...,06-21
496,17,997.7,...,31.8,...,X,X,X,...,...,0.0,...,...,...,...,...,...,06-21
497,18,998.1,...,30.8,...,X,X,X,...,...,0.0,...,...,...,...,...,...,06-21
498,19,999.1,...,28.1,...,X,X,X,...,...,2.0,...,...,...,...,...,...,06-21
499,20,1000.1,...,27.5,...,X,X,X,...,...,0.0,...,...,...,...,...,...,06-21
500,21,1000.7,...,27.4,...,X,X,X,...,...,0.0,...,...,...,...,...,...,06-21
501,22,1001.3,...,27.5,...,X,X,X,...,...,0.0,...,...,...,...,...,...,06-21
502,23,1001.3,...,27.0,...,X,X,X,...,...,0.0,...,...,...,...,...,...,06-21
503,24,1000.8,...,26.7,...,X,X,X,...,...,0.0,...,...,...,...,...,...,06-21
504,01,999.9,...,26.3,...,X,X,X,...,...,0.0,...,...,...,...,...,...,06-22
505,02,1000.2,...,26.0,...,X,X,X,...,...,0.0,...,...,...,...,...,...,06-22
506,03,999.7,...,25.7,...,X,X,X,...,...,0.0,...,...,...,...,...,...,06-22
507,04,999.7,...,25.2,...,X,X,X,...,...,0.0,...,...,...,...,...,...,06-22
508,05,999.6,...,25.2,...,X,X,X,...,...,0.0,...,...,...,...,...,...,06-22
509,06,1000.2,...,25.2,...,X,X,X,...,...,0.0,...,...,...,...,...,...,06-22
510,07,1000.5,...,28.0,...,X,X,X,...,...,0.0,...,...,...,...,...,...,06-22
511,08,1000.9,...,30.4,...,X,X,X,...,...,0.0,...,...,...,...,...,...,06-22
512,09,1001.4,...,32.0,...,X,X,X,...,...,0.0,...,...,...,...,...,...,06-22
513,10,1001.6,...,33.7,...,X,X,X,...,...,0.0,...,...,...,...,...,...,06-22
514,11,1001.3,...,34.2,...,X,X,X,...,...,0.0,...,...,...,...,...,...,06-22
515,12,1000.7,...,34.3,...,X,X,X,...,...,0.0,...,...,...,...,...,...,06-22
516,13,1000.3,...,33.9,...,X,X,X,...,...,0.0,...,...,...,...,...,...,06-22
517,14,1000.5,...,32.4,...,X,X,X,...,...,0.0,...,...,...,...,...,...,06-22
518,15,1000.3,...,30.6,...,X,X,X,...,...,0.0,...,...,...,...,...,...,06-22
519,16,999.9,...,30.6,...,X,X,X,...,...,0.0,...,...,...,...,...,...,06-22
520,17,1000.2,...,30.5,...,X,X,X,...,...,0.0,...,...,...,...,...,...,06-22
521,18,1000.8,...,30.0,...,X,X,X,...,...,0.0,...,...,...,...,...,...,06-22
522,19,1001.3,...,29.2,...,X,X,X,...,...,0.0,...,...,...,...,...,...,06-22
523,20,1001.7,...,29.1,...,X,X,X,...,...,0.0,...,...,...,...,...,...,06-22
524,21,1002.0,...,28.7,...,X,X,X,...,...,0.0,...,...,...,...,...,...,06-22
525,22,1002.2,...,28.6,...,X,X,X,...,...,0.0,...,...,...,...,...,...,06-22
526,23,1002.2,...,28.3,...,X,X,X,...,...,0.0,...,...,...,...,...,...,06-22
527,24,1001.7,...,27.9,...,X,X,X,...,...,0.0,...,...,...,...,...,...,06-22
528,01,1001.3,...,27.3,...,X,X,X,...,...,0.0,...,...,...,...,...,...,06-23
529,02,1000.8,...,26.9,...,X,X,X,...,...,0.0,...,...,...,...,...,...,06-23
530,03,1000.5,...,26.5,...,X,X,X,...,...,0.0,...,...,...,...,...,...,06-23
531,04,1000.6,...,26.4,...,X,X,X,...,...,0.0,...,...,...,...,...,...,06-23
532,05,1000.7,...,26.1,...,X,X,X,...,...,0.0,...,...,...,...,...,...,06-23
533,06,1001.1,...,26.0,...,X,X,X,...,...,0.0,...,...,...,...,...,...,06-23
534,07,1001.1,...,28.9,...,X,X,X,...,...,0.0,...,...,...,...,...,...,06-23
535,08,1001.2,...,31.3,...,X,X,X,...,...,0.0,...,...,...,...,...,...,06-23
536,09,1000.9,...,32.1,...,X,X,X,...,...,0.0,...,...,...,...,...,...,06-23
537,10,1000.8,...,34.0,...,X,X,X,...,...,0.0,...,...,...,...,...,...,06-23
538,11,1000.7,...,34.5,...,X,X,X,...,...,0.0,...,...,...,...,...,...,06-23
539,12,1000.1,...,34.4,...,X,X,X,...,...,0.0,...,...,...,...,...,...,06-23
540,13,999.6,...,34.5,...,X,X,X,...,...,0.0,...,...,...,...,...,...,06-23
541,14,999.3,...,32.4,...,X,X,X,...,...,0.0,...,...,...,...,...,...,06-23
542,15,999.2,...,31.6,...,X,X,X,...,...,0.0,...,...,...,...,...,...,06-23
543,16,998.6,...,31.3,...,X,X,X,...,...,0.0,...,...,...,...,...,...,06-23
544,17,998.6,...,30.8,...,X,X,X,...,...,0.0,...,...,...,...,...,...,06-23
545,18,999.1,...,30.4,...,X,X,X,...,...,0.0,...,...,...,...,...,...,06-23
546,19,999.7,...,30.2,...,X,X,X,...,...,0.0,...,...,...,...,...,...,06-23
547,20,1000.0,...,29.3,...,X,X,X,...,...,0.0,...,...,...,...,...,...,06-23
548,21,1000.2,...,28.7,...,X,X,X,...,...,0.0,...,...,...,...,...,...,06-23
549,22,1000.0,...,28.6,...,X,X,X,...,...,0.0,...,...,...,...,...,...,06-23
550,23,999.7,...,28.4,...,X,X,X,...,...,0.0,...,...,...,...,...,...,06-23
551,24,999.4,...,27.9,...,X,X,X,...,...,0.0,...,...,...,...,...,...,06-23
552,01,998.9,...,27.4,...,X,X,X,...,...,0.0,...,...,...,...,...,...,06-24
553,02,998.5,...,27.2,...,X,X,X,...,...,0.0,...,...,...,...,...,...,06-24
554,03,997.9,...,27.1,...,X,X,X,...,...,0.0,...,...,...,...,...,...,06-24
555,04,997.3,...,26.8,...,X,X,X,...,...,0.0,...,...,...,...,...,...,06-24
556,05,997.4,...,26.4,...,X,X,X,...,...,0.0,...,...,...,...,...,...,06-24
557,06,997.7,...,26.6,...,X,X,X,...,...,0.0,...,...,...,...,...,...,06-24
558,07,998.2,...,28.5,...,X,X,X,...,...,0.0,...,...,...,...,...,...,06-24
559,08,998.8,...,31.1,...,X,X,X,...,...,0.0,...,...,...,...,...,...,06-24
560,09,998.9,...,32.6,...,X,X,X,...,...,0.0,...,...,...,...,...,...,06-24
561,10,998.6,...,33.4,...,X,X,X,...,...,0.0,...,...,...,...,...,...,06-24
562,11,998.4,...,33.6,...,X,X,X,...,...,0.0,...,...,...,...,...,...,06-24
563,12,997.8,...,34.4,...,X,X,X,...,...,0.0,...,...,...,...,...,...,06-24
564,13,997.3,...,34.4,...,X,X,X,...,...,0.0,...,...,...,...,...,...,06-24
565,14,996.7,...,33.4,...,X,X,X,...,...,0.0,...,...,...,...,...,...,06-24
566,15,996.8,...,33.0,...,X,X,X,...,...,0.0,...,...,...,...,...,...,06-24
567,16,996.1,...,33.1,...,X,X,X,...,...,0.0,...,...,...,...,...,...,06-24
568,17,996.3,...,32.2,...,X,X,X,...,...,0.0,...,...,...,...,...,...,06-24
569,18,997.4,...,31.3,...,X,X,X,...,...,0.0,...,...,...,...,...,...,06-24
570,19,997.3,...,30.7,...,X,X,X,...,...,0.0,...,...,...,...,...,...,06-24
571,20,998.1,...,30.1,...,X,X,X,...,...,0.0,...,...,...,...,...,...,06-24
572,21,998.6,...,29.5,...,X,X,X,...,...,0.0,...,...,...,...,...,...,06-24
573,22,998.9,...,28.8,...,X,X,X,...,...,0.0,...,...,...,...,...,...,06-24
574,23,998.7,...,28.8,...,X,X,X,...,...,0.0,...,...,...,...,...,...,06-24
575,24,998.4,...,28.3,...,X,X,X,...,...,0.0,...,...,...,...,...,...,06-24
576,01,997.7,...,27.8,...,X,X,X,...,...,0.0,...,...,...,...,...,...,06-25
577,02,997.2,...,27.4,...,X,X,X,...,...,0.0,...,...,...,...,...,...,06-25
578,03,997.3,...,27.1,...,X,X,X,...,...,0.0,...,...,...,...,...,...,06-25
579,04,997.1,...,27.5,...,X,X,X,...,...,0.0,...,...,...,...,...,...,06-25
580,05,997.0,...,27.3,...,X,X,X,...,...,0.0,...,...,...,...,...,...,06-25
581,06,997.3,...,26.7,...,X,X,X,...,...,0.0,...,...,...,...,...,...,06-25
582,07,997.5,...,27.7,...,X,X,X,...,...,0.0,...,...,...,...,...,...,06-25
583,08,997.9,...,29.5,...,X,X,X,...,...,0.0,...,...,...,...,...,...,06-25
584,09,998.1,...,31.1,...,X,X,X,...,...,0.0,...,...,...,...,...,...,06-25
585,10,998.0,...,32.7,...,X,X,X,...,...,0.0,...,...,...,...,...,...,06-25
586,11,997.8,...,33.0,...,X,X,X,...,...,0.0,...,...,...,...,...,...,06-25
587,12,997.4,...,34.2,...,X,X,X,...,...,0.0,...,...,...,...,...,...,06-25
588,13,997.2,...,34.4,...,X,X,X,...,...,0.0,...,...,...,...,...,...,06-25
589,14,996.9,...,34.2,...,X,X,X,...,...,0.0,...,...,...,...,...,...,06-25
590,15,996.8,...,33.5,...,X,X,X,...,...,0.0,...,...,...,...,...,...,06-25
591,16,996.8,...,32.8,...,X,X,X,...,...,0.0,...,...,...,...,...,...,06-25
592,17,997.1,...,31.8,...,X,X,X,...,...,0.0,...,...,...,...,...,...,06-25
593,18,997.3,...,31.6,...,X,X,X,...,...,0.0,...,...,...,...,...,...,06-25
594,19,997.5,...,30.9,...,X,X,X,...,...,0.0,...,...,...,...,...,...,06-25
595,20,998.3,...,30.6,...,X,X,X,...,...,0.0,...,...,...,...,...,...,06-25
596,21,998.8,...,30.5,...,X,X,X,...,...,0.0,...,...,...,...,...,...,06-25
597,22,999.3,...,29.7,...,X,X,X,...,...,0.0,...,...,...,...,...,...,06-25
598,23,999.4,...,29.3,...,X,X,X,...,...,0.0,...,...,...,...,...,...,06-25
599,24,999.1,...,29.0,...,X,X,X,...,...,0.0,...,...,...,...,...,...,06-25
600,01,998.9,...,28.3,...,X,X,X,...,...,0.0,...,...,...,...,...,...,06-26
601,02,999.0,...,28.2,...,X,X,X,...,...,0.0,...,...,...,...,...,...,06-26
602,03,999.1,...,27.9,...,X,X,X,...,...,0.0,...,...,...,...,...,...,06-26
603,04,999.3,...,27.2,...,X,X,X,...,...,0.0,...,...,...,...,...,...,06-26
604,05,999.4,...,27.2,...,X,X,X,...,...,0.0,...,...,...,...,...,...,06-26
605,06,999.1,...,27.2,...,X,X,X,...,...,0.0,...,...,...,...,...,...,06-26
606,07,999.3,...,28.3,...,X,X,X,...,...,0.0,...,...,...,...,...,...,06-26
607,08,999.9,...,30.1,...,X,X,X,...,...,0.0,...,...,...,...,...,...,06-26
608,09,999.9,...,31.9,...,X,X,X,...,...,0.0,...,...,...,...,...,...,06-26
609,10,999.8,...,32.9,...,X,X,X,...,...,0.0,...,...,...,...,...,...,06-26
610,11,999.6,...,34.6,...,X,X,X,...,...,0.0,...,...,...,...,...,...,06-26
611,12,999.4,...,35.2,...,X,X,X,...,...,0.0,...,...,...,...,...,...,06-26
612,13,998.7,...,35.5,...,X,X,X,...,...,0.0,...,...,...,...,...,...,06-26
613,14,998.3,...,35.3,...,X,X,X,...,...,0.0,...,...,...,...,...,...,06-26
614,15,998.0,...,34.6,...,X,X,X,...,...,0.0,...,...,...,...,...,...,06-26
615,16,998.8,...,33.3,...,X,X,X,...,...,0.0,...,...,...,...,...,...,06-26
616,17,999.0,...,32.2,...,X,X,X,...,...,0.0,...,...,...,...,...,...,06-26
617,18,999.1,...,32.2,...,X,X,X,...,...,0.0,...,...,...,...,...,...,06-26
618,19,999.4,...,30.1,...,X,X,X,...,...,0.0,...,...,...,...,...,...,06-26
619,20,1000.3,...,29.9,...,X,X,X,...,...,0.0,...,...,...,...,...,...,06-26
620,21,1001.3,...,29.9,...,X,X,X,...,...,0.0,...,...,...,...,...,...,06-26
621,22,1001.7,...,29.8,...,X,X,X,...,...,0.0,...,...,...,...,...,...,06-26
622,23,1002.2,...,27.9,...,X,X,X,...,...,0.0,...,...,...,...,...,...,06-26
623,24,1002.0,...,27.9,...,X,X,X,...,...,0.0,...,...,...,...,...,...,06-26
624,01,1001.2,...,27.7,...,X,X,X,...,...,0.0,...,...,...,...,...,...,06-27
625,02,1000.8,...,27.9,...,X,X,X,...,...,0.0,...,...,...,...,...,...,06-27
626,03,1001.1,...,27.7,...,X,X,X,...,...,0.0,...,...,...,...,...,...,06-27
627,04,1001.1,...,27.6,...,X,X,X,...,...,0.0,...,...,...,...,...,...,06-27
628,05,1000.8,...,27.5,...,X,X,X,...,...,0.0,...,...,...,...,...,...,06-27
629,06,1000.9,...,27.9,...,X,X,X,...,...,0.0,...,...,...,...,...,...,06-27
630,07,1001.5,...,30.1,...,X,X,X,...,...,0.0,...,...,...,...,...,...,06-27
631,08,1001.9,...,30.2,...,X,X,X,...,...,0.0,...,...,...,...,...,...,06-27
632,09,1001.8,...,31.8,...,X,X,X,...,...,0.0,...,...,...,...,...,...,06-27
633,10,1001.7,...,32.5,...,X,X,X,...,...,0.0,...,...,...,...,...,...,06-27
634,11,1001.5,...,33.3,...,X,X,X,...,...,0.0,...,...,...,...,...,...,06-27
635,12,1001.0,...,34.3,...,X,X,X,...,...,0.0,...,...,...,...,...,...,06-27
636,13,1001.0,...,34.7,...,X,X,X,...,...,0.0,...,...,...,...,...,...,06-27
637,14,1001.0,...,34.4,...,X,X,X,...,...,0.0,...,...,...,...,...,...,06-27
638,15,1001.0,...,33.2,...,X,X,X,...,...,0.0,...,...,...,...,...,...,06-27
639,16,1001.3,...,30.6,...,X,X,X,...,...,0.0,...,...,...,...,...,...,06-27
640,17,1001.7,...,30.4,...,X,X,X,...,...,0.0,...,...,...,...,...,...,06-27
641,18,1002.1,...,30.1,...,X,X,X,...,...,0.0,...,...,...,...,...,...,06-27
642,19,1002.8,...,28.7,...,X,X,X,...,...,0.0,...,...,...,...,...,...,06-27
643,20,1003.2,...,26.8,...,X,X,X,...,...,0.5,...,...,...,...,...,...,06-27
644,21,1003.8,...,26.8,...,X,X,X,...,...,0.0,...,...,...,...,...,...,06-27
645,22,1003.8,...,26.7,...,X,X,X,...,...,0.0,...,...,...,...,...,...,06-27
646,23,1003.6,...,26.8,...,X,X,X,...,...,0.0,...,...,...,...,...,...,06-27
647,24,1003.0,...,26.6,...,X,X,X,...,...,0.0,...,...,...,...,...,...,06-27
648,01,1002.5,...,26.4,...,X,X,X,...,...,0.0,...,...,...,...,...,...,06-28
649,02,1001.9,...,26.4,...,X,X,X,...,...,0.0,...,...,...,...,...,...,06-28
650,03,1001.9,...,26.1,...,X,X,X,...,...,0.0,...,...,...,...,...,...,06-28
651,04,1001.9,...,25.9,...,X,X,X,...,...,0.0,...,...,...,...,...,...,06-28
652,05,1002.3,...,25.8,...,X,X,X,...,...,0.0,...,...,...,...,...,...,06-28
653,06,1002.8,...,26.2,...,X,X,X,...,...,0.0,...,...,...,...,...,...,06-28
654,07,1003.1,...,28.1,...,X,X,X,...,...,0.0,...,...,...,...,...,...,06-28
655,08,1003.1,...,29.9,...,X,X,X,...,...,0.0,...,...,...,...,...,...,06-28
656,09,1003.0,...,32.7,...,X,X,X,...,...,0.0,...,...,...,...,...,...,06-28
657,10,1002.9,...,33.7,...,X,X,X,...,...,0.0,...,...,...,...,...,...,06-28
658,11,1002.8,...,33.2,...,X,X,X,...,...,0.0,...,...,...,...,...,...,06-28
659,12,1002.6,...,34.9,...,X,X,X,...,...,0.0,...,...,...,...,...,...,06-28
660,13,1002.5,...,33.7,...,X,X,X,...,...,0.0,...,...,...,...,...,...,06-28
661,14,1001.9,...,33.4,...,X,X,X,...,...,0.0,...,...,...,...,...,...,06-28
662,15,1001.9,...,32.8,...,X,X,X,...,...,0.0,...,...,...,...,...,...,06-28
663,16,1001.6,...,32.1,...,X,X,X,...,...,0.0,...,...,...,...,...,...,06-28
664,17,1001.9,...,31.4,...,X,X,X,...,...,0.0,...,...,...,...,...,...,06-28
665,18,1002.2,...,29.3,...,X,X,X,...,...,1.0,...,...,...,...,...,...,06-28
666,19,1003.1,...,28.9,...,X,X,X,...,...,0.0,...,...,...,...,...,...,06-28
667,20,1003.4,...,28.9,...,X,X,X,...,...,0.0,...,...,...,...,...,...,06-28
668,21,1003.5,...,28.7,...,X,X,X,...,...,0.0,...,...,...,...,...,...,06-28
669,22,1004.2,...,28.9,...,X,X,X,...,...,0.0,...,...,...,...,...,...,06-28
670,23,1004.1,...,28.2,...,X,X,X,...,...,0.0,...,...,...,...,...,...,06-28
671,24,1003.8,...,27.8,...,X,X,X,...,...,0.0,...,...,...,...,...,...,06-28
672,01,1003.1,...,27.6,...,X,X,X,...,...,0.0,...,...,...,...,...,...,06-29
673,02,1002.4,...,27.3,...,X,X,X,...,...,0.0,...,...,...,...,...,...,06-29
674,03,1001.7,...,27.2,...,X,X,X,...,...,0.0,...,...,...,...,...,...,06-29
675,04,1001.3,...,27.1,...,X,X,X,...,...,0.0,...,...,...,...,...,...,06-29
676,05,1001.4,...,26.7,...,X,X,X,...,...,0.0,...,...,...,...,...,...,06-29
677,06,1002.3,...,26.5,...,X,X,X,...,...,0.0,...,...,...,...,...,...,06-29
678,07,1003.1,...,28.7,...,X,X,X,...,...,0.0,...,...,...,...,...,...,06-29
679,08,1003.6,...,31.1,...,X,X,X,...,...,0.0,...,...,...,...,...,...,06-29
680,09,1003.6,...,30.9,...,X,X,X,...,...,0.0,...,...,...,...,...,...,06-29
681,10,1003.2,...,32.6,...,X,X,X,...,...,0.0,...,...,...,...,...,...,06-29
682,11,1002.5,...,34.2,...,X,X,X,...,...,0.0,...,...,...,...,...,...,06-29
683,12,1002.1,...,35.1,...,X,X,X,...,...,0.0,...,...,...,...,...,...,06-29
684,13,1001.7,...,33.4,...,X,X,X,...,...,0.0,...,...,...,...,...,...,06-29
685,14,1001.3,...,33.8,...,X,X,X,...,...,0.0,...,...,...,...,...,...,06-29
686,15,1001.0,...,31.8,...,X,X,X,...,...,0.0,...,...,...,...,...,...,06-29
687,16,1000.5,...,31.5,...,X,X,X,...,...,0.0,...,...,...,...,...,...,06-29
688,17,1000.6,...,31.3,...,X,X,X,...,...,0.0,...,...,...,...,...,...,06-29
689,18,1001.4,...,30.9,...,X,X,X,...,...,0.0,...,...,...,...,...,...,06-29
690,19,1002.0,...,30.5,...,X,X,X,...,...,0.0,...,...,...,...,...,...,06-29
691,20,1002.2,...,30.1,...,X,X,X,...,...,0.0,...,...,...,...,...,...,06-29
692,21,1002.4,...,29.8,...,X,X,X,...,...,0.0,...,...,...,...,...,...,06-29
693,22,1002.4,...,29.2,...,X,X,X,...,...,0.0,...,...,...,...,...,...,06-29
694,23,1002.5,...,28.2,...,X,X,X,...,...,0.0,...,...,...,...,...,...,06-29
695,24,1002.4,...,28.2,...,X,X,X,...,...,0.0,...,...,...,...,...,...,06-29
696,01,1001.9,...,27.8,...,X,X,X,...,...,0.0,...,...,...,...,...,...,06-30
697,02,1001.7,...,27.1,...,X,X,X,...,...,0.0,...,...,...,...,...,...,06-30
698,03,1001.4,...,27.3,...,X,X,X,...,...,0.0,...,...,...,...,...,...,06-30
699,04,1001.6,...,26.8,...,X,X,X,...,...,0.0,...,...,...,...,...,...,06-30
700,05,1001.7,...,26.4,...,X,X,X,...,...,0.0,...,...,...,...,...,...,06-30
701,06,1001.8,...,26.5,...,X,X,X,...,...,0.0,...,...,...,...,...,...,06-30
702,07,1002.2,...,28.2,...,X,X,X,...,...,0.0,...,...,...,...,...,...,06-30
703,08,1002.3,...,31.0,...,X,X,X,...,...,0.0,...,...,...,...,...,...,06-30
704,09,1002.2,...,32.7,...,X,X,X,...,...,0.0,...,...,...,...,...,...,06-30
705,10,1001.7,...,34.4,...,X,X,X,...,...,0.0,...,...,...,...,...,...,06-30
706,11,1001.5,...,35.2,...,X,X,X,...,...,0.0,...,...,...,...,...,...,06-30
707,12,1001.3,...,34.1,...,X,X,X,...,...,0.0,...,...,...,...,...,...,06-30
708,13,1000.7,...,33.4,...,X,X,X,...,...,0.0,...,...,...,...,...,...,06-30
709,14,1000.2,...,33.1,...,X,X,X,...,...,0.0,...,...,...,...,...,...,06-30
710,15,1000.5,...,31.5,...,X,X,X,...,...,0.0,...,...,...,...,...,...,06-30
711,16,1000.4,...,27.5,...,X,X,X,...,...,2.5,...,...,...,...,...,...,06-30
712,17,1000.5,...,28.4,...,X,X,X,...,...,0.0,...,...,...,...,...,...,06-30
713,18,1000.8,...,28.2,...,X,X,X,...,...,0.0,...,...,...,...,...,...,06-30
714,19,1001.1,...,27.6,...,X,X,X,...,...,0.0,...,...,...,...,...,...,06-30
715,20,1001.5,...,27.6,...,X,X,X,...,...,0.0,...,...,...,...,...,...,06-30
716,21,1002.2,...,27.5,...,X,X,X,...,...,0.0,...,...,...,...,...,...,06-30
717,22,1002.3,...,27.3,...,X,X,X,...,...,0.0,...,...,...,...,...,...,06-30
718,23,1001.6,...,27.6,...,X,X,X,...,...,0.0,...,...,...,...,...,...,06-30
719,24,1001.2,...,27.2,...,X,X,X,...,...,0.0,...,...,...,...,...,...,06-30
